SalesOrderNumber,OrderDate,ProductKey,ResellerKey,EmployeeKey,SalesTerritoryKey,Quantity,UnitPrice,Sales,Cost
SO43897,2017-08-25 00:00:00,235,312,282,4,2,28.84,57.68,63.45
SO43897,2017-08-25 00:00:00,351,312,282,4,2,"2,024.99","4,049.98","3,796.19"
SO43897,2017-08-25 00:00:00,348,312,282,4,2,"2,024.99","4,049.98","3,796.19"
SO43897,2017-08-25 00:00:00,232,312,282,4,2,28.84,57.68,63.45
SO44544,2017-11-18 00:00:00,292,312,282,4,2,818.7,"1,637.4","1,413.62"
SO44544,2017-11-18 00:00:00,220,312,282,4,2,20.19,40.38,24.06
SO44544,2017-11-18 00:00:00,351,312,282,4,2,"2,024.99","4,049.98","3,796.19"
SO44544,2017-11-18 00:00:00,349,312,282,4,2,"2,024.99","4,049.98","3,796.19"
SO44544,2017-11-18 00:00:00,344,312,282,4,2,"2,039.99","4,079.98","3,824.31"
SO45321,2018-02-18 00:00:00,346,312,282,4,2,"2,039.99","4,079.98","3,824.31"
SO45321,2018-02-18 00:00:00,347,312,282,4,2,"2,039.99","4,079.98","3,824.31"
SO46082,2018-05-23 00:00:00,220,312,282,4,2,20.19,40.38,24.06
SO46082,2018-05-23 00:00:00,346,312,282,4,2,"2,039.99","4,079.98","3,824.31"
SO46082,2018-05-23 00:00:00,345,312,282,4,2,"2,039.99","4,079.98","3,824.31"
SO46082,2018-05-23 00:00:00,232,312,282,4,2,28.84,57.68,63.45
SO46082,2018-05-23 00:00:00,344,312,282,4,2,"2,039.99","4,079.98","3,824.31"
SO46082,2018-05-23 00:00:00,348,312,282,4,2,"2,024.99","4,049.98","3,796.19"
SO46082,2018-05-23 00:00:00,212,312,282,4,2,20.19,40.38,24.06
SO47028,2018-08-24 00:00:00,410,312,282,4,2,36.45,72.9,53.94
SO47028,2018-08-24 00:00:00,464,312,282,4,2,14.13,28.26,19.43
SO47028,2018-08-24 00:00:00,412,312,282,4,2,180.13,360.26,266.59
SO47028,2018-08-24 00:00:00,420,312,282,4,2,141.62,283.24,209.59
SO47028,2018-08-24 00:00:00,468,312,282,4,2,22.79,45.58,31.34
SO47028,2018-08-24 00:00:00,360,312,282,4,2,"1,229.46","2,458.92","2,211.62"
SO47028,2018-08-24 00:00:00,409,312,282,4,2,209.26,418.52,371.64
SO47028,2018-08-24 00:00:00,308,312,282,4,2,744.27,"1,488.54","1,321.83"
SO47028,2018-08-24 00:00:00,428,312,282,4,2,209.26,418.52,371.64
SO48049,2018-11-19 00:00:00,401,312,282,4,2,65.6,131.2,97.09
SO48049,2018-11-19 00:00:00,224,312,282,4,2,5.19,10.38,10.46
SO48049,2018-11-19 00:00:00,412,312,282,4,2,180.13,360.26,266.59
SO48049,2018-11-19 00:00:00,458,312,282,4,2,44.99,89.98,61.87
SO48049,2018-11-19 00:00:00,411,312,282,4,2,125.42,250.84,185.61
SO48049,2018-11-19 00:00:00,297,312,282,4,2,736.15,"1,472.3","1,307.39"
SO48049,2018-11-19 00:00:00,409,312,282,4,2,209.26,418.52,371.64
SO48049,2018-11-19 00:00:00,221,312,282,4,2,20.19,40.38,27.76
SO48049,2018-11-19 00:00:00,427,312,282,4,2,209.26,418.52,371.64
SO49132,2019-02-20 00:00:00,399,312,282,4,2,33.77,67.54,49.99
SO49132,2019-02-20 00:00:00,358,312,282,4,2,"1,229.46","2,458.92","2,211.62"
SO49132,2019-02-20 00:00:00,354,312,282,4,2,"1,242.85","2,485.7","2,235.71"
SO49132,2019-02-20 00:00:00,420,312,282,4,2,141.62,283.24,209.59
SO49132,2019-02-20 00:00:00,362,312,282,4,2,"1,229.46","2,458.92","2,211.62"
SO49132,2019-02-20 00:00:00,421,312,282,4,2,196.33,392.66,290.57
SO50294,2019-05-25 00:00:00,356,312,282,4,2,"1,242.85","2,485.7","2,235.71"
SO50294,2019-05-25 00:00:00,411,312,282,4,2,125.42,250.84,185.61
SO50294,2019-05-25 00:00:00,224,312,282,4,2,5.19,10.38,10.46
SO50294,2019-05-25 00:00:00,213,312,282,4,2,20.19,40.38,27.76
SO50294,2019-05-25 00:00:00,297,312,282,4,2,736.15,"1,472.3","1,307.39"
SO50294,2019-05-25 00:00:00,419,312,282,4,2,52.65,105.3,77.92
SO50294,2019-05-25 00:00:00,428,312,282,4,2,209.26,418.52,371.64
SO50294,2019-05-25 00:00:00,236,312,282,4,2,28.84,57.68,58.16
SO50294,2019-05-25 00:00:00,360,312,282,4,2,"1,229.46","2,458.92","2,211.62"
SO50294,2019-05-25 00:00:00,366,312,282,4,2,647.99,"1,295.98","1,196.87"
SO50294,2019-05-25 00:00:00,401,312,282,4,2,65.6,131.2,97.09
SO50294,2019-05-25 00:00:00,421,312,282,4,2,196.33,392.66,290.57
SO50294,2019-05-25 00:00:00,448,312,282,4,2,11.99,23.98,16.49
SO50294,2019-05-25 00:00:00,308,312,282,4,2,744.27,"1,488.54","1,321.83"
SO50294,2019-05-25 00:00:00,233,312,282,4,2,28.84,57.68,58.16
SO50294,2019-05-25 00:00:00,399,312,282,4,2,33.77,67.54,49.99
SO51845,2019-08-27 00:00:00,591,312,282,4,2,338.99,677.98,616.44
SO51845,2019-08-27 00:00:00,525,312,282,4,2,158.43,316.86,289.19
SO51845,2019-08-27 00:00:00,588,312,282,4,2,461.69,923.38,839.56
SO51845,2019-08-27 00:00:00,363,312,282,4,2,"1,376.99","2,753.98","2,503.96"
SO51845,2019-08-27 00:00:00,309,312,282,4,2,818.7,"1,637.4","1,494.4"
SO51845,2019-08-27 00:00:00,531,312,282,4,2,149.87,299.74,273.57
SO51845,2019-08-27 00:00:00,513,312,282,4,2,218.45,436.9,398.75
SO51845,2019-08-27 00:00:00,542,312,282,4,2,24.29,48.58,35.96
SO57144,2019-11-22 00:00:00,598,312,282,4,2,323.99,647.98,589.16
SO57144,2019-11-22 00:00:00,359,312,282,4,2,"1,376.99","2,753.98","2,503.96"
SO57144,2019-11-22 00:00:00,361,312,282,4,2,"1,376.99","2,753.98","2,503.96"
SO57144,2019-11-22 00:00:00,400,312,282,4,2,37.15,74.3,54.99
SO57144,2019-11-22 00:00:00,542,312,282,4,2,24.29,48.58,35.96
SO57144,2019-11-22 00:00:00,588,312,282,4,2,461.69,923.38,839.56
SO57144,2019-11-22 00:00:00,594,312,282,4,2,338.99,677.98,616.44
SO57144,2019-11-22 00:00:00,511,312,282,4,2,218.45,436.9,398.75
SO57144,2019-11-22 00:00:00,477,312,282,4,2,2.99,5.98,3.73
SO63283,2020-02-27 00:00:00,483,312,282,4,2,72,144,89.76
SO63283,2020-02-27 00:00:00,363,312,282,4,2,"1,376.99","2,753.98","2,503.96"
SO63283,2020-02-27 00:00:00,598,312,282,4,2,323.99,647.98,589.16
SO63283,2020-02-27 00:00:00,359,312,282,4,2,"1,376.99","2,753.98","2,503.96"
SO63283,2020-02-27 00:00:00,491,312,282,4,2,32.39,64.78,83.14
SO63283,2020-02-27 00:00:00,471,312,282,4,2,38.1,76.2,47.5
SO63283,2020-02-27 00:00:00,353,312,282,4,2,"1,391.99","2,783.98","2,531.24"
SO69532,2020-05-27 00:00:00,402,312,282,4,2,72.16,144.32,106.8
SO69532,2020-05-27 00:00:00,222,312,282,4,2,20.99,41.98,26.17
SO69532,2020-05-27 00:00:00,231,312,282,4,2,29.99,59.98,76.98
SO69532,2020-05-27 00:00:00,542,312,282,4,2,24.29,48.58,35.96
SO69532,2020-05-27 00:00:00,532,312,282,4,2,149.87,299.74,273.57
SO69532,2020-05-27 00:00:00,359,312,282,4,2,"1,376.99","2,753.98","2,503.96"
SO69532,2020-05-27 00:00:00,398,312,282,4,2,26.72,53.44,39.55
SO69532,2020-05-27 00:00:00,592,312,282,4,2,113,226,616.44
SO69532,2020-05-27 00:00:00,475,312,282,4,2,41.99,83.98,52.35
SO69532,2020-05-27 00:00:00,513,312,282,4,2,218.45,436.9,398.75
SO44113,2017-09-23 00:00:00,218,187,282,4,2,5.7,11.4,6.79
SO44113,2017-09-23 00:00:00,347,187,282,4,2,"2,039.99","4,079.98","3,824.31"
SO44113,2017-09-23 00:00:00,223,187,282,4,2,5.19,10.38,11.41
SO44113,2017-09-23 00:00:00,344,187,282,4,2,"2,039.99","4,079.98","3,824.31"
SO44113,2017-09-23 00:00:00,220,187,282,4,2,20.19,40.38,24.06
SO44113,2017-09-23 00:00:00,304,187,282,4,2,714.7,"1,429.4","1,234.06"
SO44113,2017-09-23 00:00:00,235,187,282,4,2,28.84,57.68,63.45
SO44776,2017-12-23 00:00:00,349,187,282,4,2,"2,024.99","4,049.98","3,796.19"
SO44776,2017-12-23 00:00:00,215,187,282,4,2,20.19,40.38,24.06
SO44776,2017-12-23 00:00:00,293,187,282,4,2,722.59,"1,445.18","1,247.68"
SO44776,2017-12-23 00:00:00,220,187,282,4,2,20.19,40.38,24.06
SO44776,2017-12-23 00:00:00,348,187,282,4,2,"2,024.99","4,049.98","3,796.19"
SO44776,2017-12-23 00:00:00,212,187,282,4,2,20.19,40.38,24.06
SO44776,2017-12-23 00:00:00,232,187,282,4,2,28.84,57.68,63.45
SO45554,2018-03-17 00:00:00,350,187,282,4,2,"2,024.99","4,049.98","3,796.19"
SO45554,2018-03-17 00:00:00,345,187,282,4,2,"2,039.99","4,079.98","3,824.31"
SO45554,2018-03-17 00:00:00,220,187,282,4,2,20.19,40.38,24.06
SO45554,2018-03-17 00:00:00,223,187,282,4,2,5.19,10.38,11.41
SO45554,2018-03-17 00:00:00,344,187,282,4,2,"2,039.99","4,079.98","3,824.31"
SO46362,2018-06-18 00:00:00,292,187,282,4,2,818.7,"1,637.4","1,413.62"
SO46362,2018-06-18 00:00:00,346,187,282,4,2,850,"1,700","3,824.31"
SO46362,2018-06-18 00:00:00,232,187,282,4,2,28.84,57.68,63.45
SO47417,2018-09-18 00:00:00,421,187,282,4,2,196.33,392.66,290.57
SO47417,2018-09-18 00:00:00,468,187,282,4,2,22.79,45.58,31.34
SO47417,2018-09-18 00:00:00,428,187,282,4,2,209.26,418.52,371.64
SO47417,2018-09-18 00:00:00,297,187,282,4,2,736.15,"1,472.3","1,307.39"
SO47417,2018-09-18 00:00:00,294,187,282,4,2,744.27,"1,488.54","1,321.83"
SO47417,2018-09-18 00:00:00,356,187,282,4,2,"1,242.85","2,485.7","2,235.71"
SO47417,2018-09-18 00:00:00,391,187,282,4,2,88.93,177.86,131.62
SO47417,2018-09-18 00:00:00,305,187,282,4,2,736.15,"1,472.3","1,307.39"
SO47417,2018-09-18 00:00:00,394,187,282,4,2,20.52,41.04,30.37
SO48356,2018-12-21 00:00:00,294,187,282,4,2,744.27,"1,488.54","1,321.83"
SO48356,2018-12-21 00:00:00,362,187,282,4,2,"1,229.46","2,458.92","2,211.62"
SO48356,2018-12-21 00:00:00,358,187,282,4,2,"1,229.46","2,458.92","2,211.62"
SO49472,2019-03-08 00:00:00,354,187,282,4,2,"1,242.85","2,485.7","2,235.71"
SO49472,2019-03-08 00:00:00,397,187,282,4,2,24.29,48.58,35.96
SO49472,2019-03-08 00:00:00,393,187,282,4,2,137.69,275.38,203.79
SO49472,2019-03-08 00:00:00,420,187,282,4,2,141.62,283.24,209.59
SO49472,2019-03-08 00:00:00,356,187,282,4,2,"1,242.85","2,485.7","2,235.71"
SO49472,2019-03-08 00:00:00,360,187,282,4,2,"1,229.46","2,458.92","2,211.62"
SO50702,2019-06-14 00:00:00,366,187,282,4,2,647.99,"1,295.98","1,196.87"
SO50702,2019-06-14 00:00:00,427,187,282,4,2,209.26,418.52,371.64
SO50702,2019-06-14 00:00:00,305,187,282,4,2,736.15,"1,472.3","1,307.39"
SO50702,2019-06-14 00:00:00,356,187,282,4,2,"1,242.85","2,485.7","2,235.71"
SO50702,2019-06-14 00:00:00,469,187,282,4,2,22.79,45.58,31.34
SO53531,2019-09-15 00:00:00,597,187,282,4,2,323.99,647.98,589.16
SO53531,2019-09-15 00:00:00,475,187,282,4,2,41.99,83.98,52.35
SO53531,2019-09-15 00:00:00,552,187,282,4,2,54.89,109.78,81.24
SO53531,2019-09-15 00:00:00,295,187,282,4,2,818.7,"1,637.4","1,494.4"
SO53531,2019-09-15 00:00:00,542,187,282,4,2,24.29,48.58,35.96
SO53531,2019-09-15 00:00:00,516,187,282,4,2,23.48,46.96,34.76
SO53531,2019-09-15 00:00:00,532,187,282,4,2,149.87,299.74,273.57
SO53531,2019-09-15 00:00:00,514,187,282,4,2,63.9,127.8,94.57
SO53531,2019-09-15 00:00:00,531,187,282,4,2,149.87,299.74,273.57
SO53531,2019-09-15 00:00:00,524,187,282,4,2,158.43,316.86,289.19
SO53531,2019-09-15 00:00:00,558,187,282,4,2,242.99,485.98,359.63
SO53531,2019-09-15 00:00:00,363,187,282,4,2,"1,376.99","2,753.98","2,503.96"
SO53531,2019-09-15 00:00:00,592,187,282,4,2,338.99,677.98,616.44
SO53531,2019-09-15 00:00:00,298,187,282,4,2,809.76,"1,619.52","1,478.08"
SO58975,2019-12-13 00:00:00,355,187,282,4,2,"1,391.99","2,783.98","2,531.24"
SO58975,2019-12-13 00:00:00,306,187,282,4,2,809.76,"1,619.52","1,478.08"
SO58975,2019-12-13 00:00:00,501,187,282,4,2,72.88,145.76,107.86
SO58975,2019-12-13 00:00:00,601,187,282,4,2,32.39,64.78,47.94
SO58975,2019-12-13 00:00:00,400,187,282,4,2,37.15,74.3,54.99
SO58975,2019-12-13 00:00:00,359,187,282,4,2,"1,376.99","2,753.98","2,503.96"
SO58975,2019-12-13 00:00:00,517,187,282,4,2,31.58,63.16,46.74
SO65209,2020-03-10 00:00:00,551,187,282,4,2,158.43,316.86,289.19
SO65209,2020-03-10 00:00:00,544,187,282,4,2,48.59,97.18,71.92
SO65209,2020-03-10 00:00:00,531,187,282,4,2,149.87,299.74,273.57
SO65209,2020-03-10 00:00:00,555,187,282,4,2,63.9,127.8,94.57
SO65209,2020-03-10 00:00:00,474,187,282,4,2,41.99,83.98,52.35
SO65209,2020-03-10 00:00:00,532,187,282,4,2,149.87,299.74,273.57
SO65209,2020-03-10 00:00:00,398,187,282,4,2,26.72,53.44,39.55
SO46625,2018-07-09 00:00:00,468,475,282,4,2,22.79,45.58,31.34
SO46625,2018-07-09 00:00:00,410,475,282,4,2,36.45,72.9,53.94
SO46625,2018-07-09 00:00:00,409,475,282,4,2,209.26,418.52,371.64
SO46625,2018-07-09 00:00:00,352,475,282,4,2,"1,242.85","2,485.7","2,235.71"
SO46625,2018-07-09 00:00:00,396,475,282,4,2,74.84,149.68,110.76
SO46625,2018-07-09 00:00:00,393,475,282,4,2,137.69,275.38,203.79
SO46625,2018-07-09 00:00:00,427,475,282,4,2,209.26,418.52,371.64
SO47677,2018-10-05 00:00:00,354,475,282,4,2,"1,242.85","2,485.7","2,235.71"
SO47677,2018-10-05 00:00:00,459,475,282,4,2,53.99,107.98,74.24
SO47677,2018-10-05 00:00:00,421,475,282,4,2,196.33,392.66,290.57
SO47677,2018-10-05 00:00:00,393,475,282,4,2,137.69,275.38,203.79
SO47677,2018-10-05 00:00:00,294,475,282,4,2,744.27,"1,488.54","1,321.83"
SO47677,2018-10-05 00:00:00,358,475,282,4,2,"1,229.46","2,458.92","2,211.62"
SO47677,2018-10-05 00:00:00,297,475,282,4,2,736.15,"1,472.3","1,307.39"
SO47677,2018-10-05 00:00:00,464,475,282,4,2,14.13,28.26,19.43
SO47677,2018-10-05 00:00:00,396,475,282,4,2,74.84,149.68,110.76
SO47677,2018-10-05 00:00:00,305,475,282,4,2,736.15,"1,472.3","1,307.39"
SO47677,2018-10-05 00:00:00,289,475,282,4,2,744.27,"1,488.54","1,321.83"
SO47677,2018-10-05 00:00:00,458,475,282,4,2,44.99,89.98,61.87
SO48758,2019-01-15 00:00:00,445,475,282,4,2,35.99,71.98,49.49
SO48758,2019-01-15 00:00:00,427,475,282,4,2,209.26,418.52,371.64
SO48758,2019-01-15 00:00:00,358,475,282,4,2,"1,229.46","2,458.92","2,211.62"
SO48758,2019-01-15 00:00:00,366,475,282,4,2,647.99,"1,295.98","1,196.87"
SO48758,2019-01-15 00:00:00,397,475,282,4,2,24.29,48.58,35.96
SO48758,2019-01-15 00:00:00,352,475,282,4,2,"1,242.85","2,485.7","2,235.71"
SO49831,2019-04-04 00:00:00,445,475,282,4,2,35.99,71.98,49.49
SO49831,2019-04-04 00:00:00,466,475,282,4,2,14.13,28.26,19.43
SO49831,2019-04-04 00:00:00,457,475,282,4,2,44.99,89.98,61.87
SO49831,2019-04-04 00:00:00,360,475,282,4,2,"1,229.46","2,458.92","2,211.62"
SO49831,2019-04-04 00:00:00,447,475,282,4,2,15,30,20.63
SO49831,2019-04-04 00:00:00,393,475,282,4,2,137.69,275.38,203.79
SO49831,2019-04-04 00:00:00,397,475,282,4,2,24.29,48.58,35.96
SO49831,2019-04-04 00:00:00,453,475,282,4,2,35.99,71.98,49.49
SO49831,2019-04-04 00:00:00,297,475,282,4,2,736.15,"1,472.3","1,307.39"
SO49831,2019-04-04 00:00:00,367,475,282,4,2,647.99,"1,295.98","1,196.87"
SO49831,2019-04-04 00:00:00,364,475,282,4,2,647.99,"1,295.98","1,196.87"
SO51090,2019-07-03 00:00:00,516,475,282,4,2,23.48,46.96,34.76
SO51090,2019-07-03 00:00:00,559,475,282,4,2,12.14,24.28,17.97
SO51090,2019-07-03 00:00:00,594,475,282,4,2,338.99,677.98,616.44
SO51090,2019-07-03 00:00:00,511,475,282,4,2,218.45,436.9,398.75
SO51090,2019-07-03 00:00:00,357,475,282,4,2,"1,391.99","2,783.98","2,531.24"
SO51090,2019-07-03 00:00:00,524,475,282,4,2,158.43,316.86,289.19
SO51090,2019-07-03 00:00:00,475,475,282,4,2,41.99,83.98,52.35
SO51090,2019-07-03 00:00:00,290,475,282,4,2,818.7,"1,637.4","1,494.4"
SO51090,2019-07-03 00:00:00,467,475,282,4,2,14.69,29.38,18.32
SO51090,2019-07-03 00:00:00,532,475,282,4,2,149.87,299.74,273.57
SO51090,2019-07-03 00:00:00,542,475,282,4,2,24.29,48.58,35.96
SO55249,2019-10-06 00:00:00,514,475,282,4,2,63.9,127.8,94.57
SO55249,2019-10-06 00:00:00,357,475,282,4,2,"1,391.99","2,783.98","2,531.24"
SO55249,2019-10-06 00:00:00,355,475,282,4,2,"1,391.99","2,783.98","2,531.24"
SO55249,2019-10-06 00:00:00,398,475,282,4,2,26.72,53.44,39.55
SO55249,2019-10-06 00:00:00,543,475,282,4,2,37.25,74.5,55.14
SO55249,2019-10-06 00:00:00,463,475,282,4,2,14.69,29.38,18.32
SO55249,2019-10-06 00:00:00,542,475,282,4,2,24.29,48.58,35.96
SO55249,2019-10-06 00:00:00,594,475,282,4,2,338.99,677.98,616.44
SO55249,2019-10-06 00:00:00,512,475,282,4,2,218.45,436.9,398.75
SO61218,2020-01-16 00:00:00,512,475,282,4,2,218.45,436.9,398.75
SO61218,2020-01-16 00:00:00,475,475,282,4,2,41.99,83.98,52.35
SO61218,2020-01-16 00:00:00,555,475,282,4,2,63.9,127.8,94.57
SO61218,2020-01-16 00:00:00,361,475,282,4,2,"1,376.99","2,753.98","2,503.96"
SO61218,2020-01-16 00:00:00,524,475,282,4,2,158.43,316.86,289.19
SO61218,2020-01-16 00:00:00,398,475,282,4,2,26.72,53.44,39.55
SO61218,2020-01-16 00:00:00,474,475,282,4,2,41.99,83.98,52.35
SO67273,2020-04-07 00:00:00,295,475,282,4,2,818.7,"1,637.4","1,494.4"
SO67273,2020-04-07 00:00:00,551,475,282,4,2,158.43,316.86,289.19
SO67273,2020-04-07 00:00:00,491,475,282,4,2,32.39,64.78,83.14
SO67273,2020-04-07 00:00:00,515,475,282,4,2,16.27,32.54,24.08
SO67273,2020-04-07 00:00:00,558,475,282,4,2,242.99,485.98,359.63
SO67273,2020-04-07 00:00:00,217,475,282,4,2,20.99,41.98,26.17
SO67273,2020-04-07 00:00:00,400,475,282,4,2,37.15,74.3,54.99
SO67273,2020-04-07 00:00:00,517,475,282,4,2,31.58,63.16,46.74
SO43873,2017-08-19 00:00:00,330,78,282,4,2,419.46,838.92,826.29
SO43873,2017-08-19 00:00:00,310,78,282,4,2,"2,146.96","4,293.92","4,342.59"
SO43873,2017-08-19 00:00:00,338,78,282,4,2,419.46,838.92,826.29
SO43873,2017-08-19 00:00:00,220,78,282,4,2,20.19,40.38,24.06
SO43873,2017-08-19 00:00:00,262,78,282,4,2,183.94,367.88,362.97
SO43873,2017-08-19 00:00:00,314,78,282,4,2,"2,146.96","4,293.92","4,342.59"
SO44520,2017-11-13 00:00:00,316,78,282,4,2,874.79,"1,749.58","1,769.42"
SO44520,2017-11-13 00:00:00,238,78,282,4,2,758.08,"1,516.16","1,495.94"
SO44520,2017-11-13 00:00:00,336,78,282,4,2,419.46,838.92,826.29
SO44520,2017-11-13 00:00:00,275,78,282,4,2,356.9,713.8,704.28
SO44520,2017-11-13 00:00:00,340,78,282,4,2,419.46,838.92,826.29
SO44520,2017-11-13 00:00:00,235,78,282,4,2,28.84,57.68,63.45
SO44520,2017-11-13 00:00:00,253,78,282,4,2,178.58,357.16,352.4
SO44520,2017-11-13 00:00:00,334,78,282,4,2,419.46,838.92,826.29
SO44520,2017-11-13 00:00:00,330,78,282,4,2,419.46,838.92,826.29
SO45301,2018-02-15 00:00:00,322,78,282,4,2,419.46,838.92,826.29
SO45301,2018-02-15 00:00:00,315,78,282,4,2,874.79,"1,749.58","1,769.42"
SO45301,2018-02-15 00:00:00,314,78,282,4,2,"2,146.96","4,293.92","4,342.59"
SO45301,2018-02-15 00:00:00,326,78,282,4,2,419.46,838.92,826.29
SO45301,2018-02-15 00:00:00,317,78,282,4,2,874.79,"1,749.58","1,769.42"
SO45301,2018-02-15 00:00:00,285,78,282,4,2,178.58,357.16,352.4
SO45301,2018-02-15 00:00:00,330,78,282,4,2,419.46,838.92,826.29
SO45301,2018-02-15 00:00:00,223,78,282,4,2,5.19,10.38,11.41
SO45301,2018-02-15 00:00:00,319,78,282,4,2,874.79,"1,749.58","1,769.42"
SO46057,2018-05-15 00:00:00,279,78,282,4,2,178.58,357.16,352.4
SO46057,2018-05-15 00:00:00,235,78,282,4,2,28.84,57.68,63.45
SO46057,2018-05-15 00:00:00,253,78,282,4,2,178.58,357.16,352.4
SO46057,2018-05-15 00:00:00,334,78,282,4,2,419.46,838.92,826.29
SO46057,2018-05-15 00:00:00,314,78,282,4,2,"2,146.96","4,293.92","4,342.59"
SO46057,2018-05-15 00:00:00,232,78,282,4,2,28.84,57.68,63.45
SO46988,2018-08-14 00:00:00,423,78,282,4,2,165.23,330.46,244.54
SO46988,2018-08-14 00:00:00,445,78,282,4,2,35.99,71.98,49.49
SO46988,2018-08-14 00:00:00,280,78,282,4,2,183.94,367.88,340.29
SO46988,2018-08-14 00:00:00,286,78,282,4,2,183.94,367.88,340.29
SO46988,2018-08-14 00:00:00,236,78,282,4,2,28.84,57.68,58.16
SO46988,2018-08-14 00:00:00,265,78,282,4,2,202.33,404.66,374.31
SO46988,2018-08-14 00:00:00,254,78,282,4,2,183.94,367.88,340.29
SO46988,2018-08-14 00:00:00,383,78,282,4,2,600.26,"1,200.52","1,211.3"
SO46988,2018-08-14 00:00:00,389,78,282,4,2,600.26,"1,200.52","1,211.3"
SO46988,2018-08-14 00:00:00,415,78,282,4,2,198.04,396.08,293.09
SO46988,2018-08-14 00:00:00,433,78,282,4,2,324.45,648.9,600.24
SO46988,2018-08-14 00:00:00,245,78,282,4,2,780.82,"1,561.64","1,444.51"
SO46988,2018-08-14 00:00:00,403,78,282,4,2,24.29,48.58,35.96
SO48012,2018-11-13 00:00:00,373,78,282,4,2,"1,308.94","2,617.88","2,641.37"
SO48012,2018-11-13 00:00:00,429,78,282,4,2,324.45,648.9,600.24
SO48012,2018-11-13 00:00:00,375,78,282,4,2,"1,308.94","2,617.88","2,641.37"
SO48012,2018-11-13 00:00:00,254,78,282,4,2,183.94,367.88,340.29
SO48012,2018-11-13 00:00:00,439,78,282,4,2,780.82,"1,561.64","1,444.51"
SO48012,2018-11-13 00:00:00,414,78,282,4,2,149.03,298.06,220.57
SO48012,2018-11-13 00:00:00,242,78,282,4,2,780.82,"1,561.64","1,444.51"
SO48012,2018-11-13 00:00:00,273,78,282,4,2,202.33,404.66,374.31
SO49058,2019-02-04 00:00:00,381,78,282,4,2,600.26,"1,200.52","1,211.3"
SO49058,2019-02-04 00:00:00,271,78,282,4,2,202.33,404.66,374.31
SO49058,2019-02-04 00:00:00,375,78,282,4,2,"1,308.94","2,617.88","2,641.37"
SO49058,2019-02-04 00:00:00,454,78,282,4,2,35.99,71.98,49.49
SO50226,2019-05-10 00:00:00,286,78,282,4,2,183.94,367.88,340.29
SO50226,2019-05-10 00:00:00,265,78,282,4,2,202.33,404.66,374.31
SO50226,2019-05-10 00:00:00,462,78,282,4,2,14.13,28.26,19.43
SO50226,2019-05-10 00:00:00,368,78,282,4,2,"1,466.01","2,932.02","3,037.57"
SO50226,2019-05-10 00:00:00,224,78,282,4,2,5.19,10.38,10.46
SO50226,2019-05-10 00:00:00,422,78,282,4,2,67.54,135.08,99.96
SO50226,2019-05-10 00:00:00,385,78,282,4,2,600.26,"1,200.52","1,211.3"
SO50226,2019-05-10 00:00:00,461,78,282,4,2,53.99,107.98,74.24
SO50226,2019-05-10 00:00:00,381,78,282,4,2,600.26,"1,200.52","1,211.3"
SO50226,2019-05-10 00:00:00,466,78,282,4,2,14.13,28.26,19.43
SO50226,2019-05-10 00:00:00,230,78,282,4,2,28.84,57.68,58.16
SO43666,2017-07-05 00:00:00,338,511,282,4,2,419.46,838.92,826.3
SO43859,2017-08-08 00:00:00,322,259,282,4,2,419.46,838.92,826.29
SO43864,2017-08-12 00:00:00,292,384,282,4,2,818.7,"1,637.4","1,413.62"
SO43864,2017-08-12 00:00:00,351,384,282,4,2,"2,024.99","4,049.98","3,796.19"
SO43864,2017-08-12 00:00:00,344,384,282,4,2,"2,039.99","4,079.98","3,824.31"
SO43872,2017-08-16 00:00:00,317,240,282,4,2,874.79,"1,749.58","1,769.42"
SO43872,2017-08-16 00:00:00,220,240,282,4,2,20.19,40.38,24.06
SO43872,2017-08-16 00:00:00,262,240,282,4,2,183.94,367.88,362.97
SO43872,2017-08-16 00:00:00,315,240,282,4,2,874.79,"1,749.58","1,769.42"
SO43901,2017-08-26 00:00:00,344,385,282,4,2,"2,039.99","4,079.98","3,824.31"
SO43901,2017-08-26 00:00:00,212,385,282,4,2,20.19,40.38,24.06
SO43901,2017-08-26 00:00:00,348,385,282,4,2,"2,024.99","4,049.98","3,796.19"
SO43912,2017-08-29 00:00:00,229,403,282,4,2,28.84,57.68,63.45
SO43912,2017-08-29 00:00:00,262,403,282,4,2,183.94,367.88,362.97
SO43912,2017-08-29 00:00:00,332,403,282,4,2,419.46,838.92,826.29
SO43912,2017-08-29 00:00:00,212,403,282,4,2,20.19,40.38,24.06
SO43912,2017-08-29 00:00:00,342,403,282,4,2,419.46,838.92,826.29
SO44080,2017-09-06 00:00:00,218,439,282,4,2,5.7,11.4,6.79
SO44087,2017-09-09 00:00:00,310,96,282,4,2,"2,146.96","4,293.92","4,342.59"
SO44087,2017-09-09 00:00:00,276,96,282,4,2,356.9,713.8,704.28
SO44089,2017-09-10 00:00:00,342,114,282,4,2,419.46,838.92,826.29
SO44089,2017-09-10 00:00:00,326,114,282,4,2,419.46,838.92,826.29
SO44115,2017-09-23 00:00:00,350,366,282,4,2,"2,024.99","4,049.98","3,796.19"
SO44115,2017-09-23 00:00:00,344,366,282,4,2,"2,039.99","4,079.98","3,824.31"
SO44115,2017-09-23 00:00:00,235,366,282,4,2,28.84,57.68,63.45
SO44115,2017-09-23 00:00:00,223,366,282,4,2,5.19,10.38,11.41
SO44115,2017-09-23 00:00:00,346,366,282,4,2,"2,039.99","4,079.98","3,824.31"
SO44115,2017-09-23 00:00:00,292,366,282,4,2,818.7,"1,637.4","1,413.62"
SO44115,2017-09-23 00:00:00,220,366,282,4,2,20.19,40.38,24.06
SO44115,2017-09-23 00:00:00,300,366,282,4,2,809.76,"1,619.52","1,398.19"
SO44115,2017-09-23 00:00:00,229,366,282,4,2,28.84,57.68,63.45
SO44286,2017-10-07 00:00:00,334,511,282,4,2,419.46,838.92,826.29
SO44286,2017-10-07 00:00:00,338,511,282,4,2,419.46,838.92,826.29
SO44481,2017-11-01 00:00:00,350,492,282,4,2,"2,024.99","4,049.98","3,796.19"
SO44481,2017-11-01 00:00:00,351,492,282,4,2,"2,024.99","4,049.98","3,796.19"
SO44481,2017-11-01 00:00:00,223,492,282,4,2,5.19,10.38,11.41
SO44500,2017-11-06 00:00:00,326,259,282,4,2,419.46,838.92,826.29
SO44500,2017-11-06 00:00:00,223,259,282,4,2,5.19,10.38,11.41
SO44505,2017-11-07 00:00:00,347,384,282,4,2,"2,039.99","4,079.98","3,824.31"
SO44505,2017-11-07 00:00:00,351,384,282,4,2,"2,024.99","4,049.98","3,796.19"
SO44521,2017-11-13 00:00:00,232,240,282,4,2,28.84,57.68,63.45
SO44521,2017-11-13 00:00:00,311,240,282,4,2,"2,146.96","4,293.92","4,342.59"
SO44521,2017-11-13 00:00:00,336,240,282,4,2,419.46,838.92,826.29
SO44521,2017-11-13 00:00:00,328,240,282,4,2,419.46,838.92,826.29
SO44521,2017-11-13 00:00:00,215,240,282,4,2,20.19,40.38,24.06
SO44521,2017-11-13 00:00:00,272,240,282,4,2,183.94,367.88,362.97
SO44521,2017-11-13 00:00:00,229,240,282,4,2,28.84,57.68,63.45
SO44521,2017-11-13 00:00:00,340,240,282,4,2,419.46,838.92,826.29
SO44521,2017-11-13 00:00:00,342,240,282,4,2,419.46,838.92,826.29
SO44521,2017-11-13 00:00:00,330,240,282,4,2,419.46,838.92,826.29
SO44546,2017-11-19 00:00:00,319,313,282,4,2,874.79,"1,749.58","1,769.42"
SO44551,2017-11-23 00:00:00,351,385,282,4,2,"2,024.99","4,049.98","3,796.19"
SO44551,2017-11-23 00:00:00,345,385,282,4,2,"2,039.99","4,079.98","3,824.31"
SO44551,2017-11-23 00:00:00,344,385,282,4,2,"2,039.99","4,079.98","3,824.31"
SO44551,2017-11-23 00:00:00,347,385,282,4,2,"2,039.99","4,079.98","3,824.31"
SO44551,2017-11-23 00:00:00,349,385,282,4,2,"2,024.99","4,049.98","3,796.19"
SO44564,2017-11-27 00:00:00,315,403,282,4,2,874.79,"1,749.58","1,769.42"
SO44564,2017-11-27 00:00:00,322,403,282,4,2,419.46,838.92,826.29
SO44752,2017-12-11 00:00:00,322,114,282,4,2,419.46,838.92,826.29
SO44753,2017-12-12 00:00:00,238,96,282,4,2,758.08,"1,516.16","1,495.94"
SO44777,2017-12-23 00:00:00,232,366,282,4,2,28.84,57.68,63.45
SO44777,2017-12-23 00:00:00,223,366,282,4,2,5.19,10.38,11.41
SO44777,2017-12-23 00:00:00,345,366,282,4,2,"2,039.99","4,079.98","3,824.31"
SO44777,2017-12-23 00:00:00,344,366,282,4,2,"2,039.99","4,079.98","3,824.31"
SO44790,2017-12-27 00:00:00,328,330,282,4,2,419.46,838.92,826.29
SO45044,2018-01-05 00:00:00,285,511,282,4,2,178.58,357.16,352.4
SO45044,2018-01-05 00:00:00,334,511,282,4,2,419.46,838.92,826.29
SO45286,2018-02-08 00:00:00,324,259,282,4,2,419.46,838.92,826.29
SO45286,2018-02-08 00:00:00,342,259,282,4,2,419.46,838.92,826.29
SO45290,2018-02-09 00:00:00,218,384,282,4,2,5.7,11.4,6.79
SO45290,2018-02-09 00:00:00,348,384,282,4,2,"2,024.99","4,049.98","3,796.19"
SO45290,2018-02-09 00:00:00,344,384,282,4,2,"2,039.99","4,079.98","3,824.31"
SO45290,2018-02-09 00:00:00,346,384,282,4,2,"2,039.99","4,079.98","3,824.31"
SO45290,2018-02-09 00:00:00,307,384,282,4,2,722.59,"1,445.18","1,247.68"
SO45299,2018-02-12 00:00:00,232,240,282,4,2,28.84,57.68,63.45
SO45299,2018-02-12 00:00:00,315,240,282,4,2,874.79,"1,749.58","1,769.42"
SO45299,2018-02-12 00:00:00,310,240,282,4,2,"2,146.96","4,293.92","4,342.59"
SO45299,2018-02-12 00:00:00,318,240,282,4,2,874.79,"1,749.58","1,769.42"
SO45299,2018-02-12 00:00:00,336,240,282,4,2,419.46,838.92,826.29
SO45299,2018-02-12 00:00:00,317,240,282,4,2,874.79,"1,749.58","1,769.42"
SO45299,2018-02-12 00:00:00,322,240,282,4,2,419.46,838.92,826.29
SO45311,2018-02-17 00:00:00,350,492,282,4,2,"2,024.99","4,049.98","3,796.19"
SO45311,2018-02-17 00:00:00,344,492,282,4,2,"2,039.99","4,079.98","3,824.31"
SO45311,2018-02-17 00:00:00,346,492,282,4,2,"2,039.99","4,079.98","3,824.31"
SO45311,2018-02-17 00:00:00,218,492,282,4,2,5.7,11.4,6.79
SO45324,2018-02-19 00:00:00,324,528,282,4,2,419.46,838.92,826.29
SO45325,2018-02-20 00:00:00,319,313,282,4,2,874.79,"1,749.58","1,769.42"
SO45339,2018-02-24 00:00:00,336,403,282,4,2,419.46,838.92,826.29
SO45339,2018-02-24 00:00:00,338,403,282,4,2,419.46,838.92,826.29
SO45339,2018-02-24 00:00:00,315,403,282,4,2,874.79,"1,749.58","1,769.42"
SO45339,2018-02-24 00:00:00,332,403,282,4,2,419.46,838.92,826.29
SO45339,2018-02-24 00:00:00,317,403,282,4,2,874.79,"1,749.58","1,769.42"
SO45339,2018-02-24 00:00:00,318,403,282,4,2,874.79,"1,749.58","1,769.42"
SO45339,2018-02-24 00:00:00,232,403,282,4,2,28.84,57.68,63.45
SO45339,2018-02-24 00:00:00,342,403,282,4,2,419.46,838.92,826.29
SO45523,2018-03-05 00:00:00,304,439,282,4,2,714.7,"1,429.4","1,234.06"
SO45531,2018-03-07 00:00:00,322,114,282,4,2,419.46,838.92,826.29
SO45531,2018-03-07 00:00:00,328,114,282,4,2,419.46,838.92,826.29
SO45555,2018-03-17 00:00:00,296,366,282,4,2,714.7,"1,429.4","1,234.06"
SO45555,2018-03-17 00:00:00,344,366,282,4,2,"2,039.99","4,079.98","3,824.31"
SO45555,2018-03-17 00:00:00,223,366,282,4,2,5.19,10.38,11.41
SO45555,2018-03-17 00:00:00,350,366,282,4,2,"2,024.99","4,049.98","3,796.19"
SO45555,2018-03-17 00:00:00,235,366,282,4,2,28.84,57.68,63.45
SO45555,2018-03-17 00:00:00,218,366,282,4,2,5.7,11.4,6.79
SO45555,2018-03-17 00:00:00,348,366,282,4,2,"2,024.99","4,049.98","3,796.19"
SO45784,2018-04-05 00:00:00,334,511,282,4,2,419.46,838.92,826.29
SO46058,2018-05-15 00:00:00,272,240,282,4,2,183.94,367.88,362.97
SO46058,2018-05-15 00:00:00,215,240,282,4,2,20.19,40.38,24.06
SO46058,2018-05-15 00:00:00,220,240,282,4,2,20.19,40.38,24.06
SO46058,2018-05-15 00:00:00,314,240,282,4,2,"2,146.96","4,293.92","4,342.59"
SO46058,2018-05-15 00:00:00,310,240,282,4,2,"2,146.96","4,293.92","4,342.59"
SO46058,2018-05-15 00:00:00,232,240,282,4,2,28.84,57.68,63.45
SO46058,2018-05-15 00:00:00,330,240,282,4,2,419.46,838.92,826.29
SO46058,2018-05-15 00:00:00,275,240,282,4,2,356.9,713.8,704.28
SO46069,2018-05-18 00:00:00,232,492,282,4,2,28.84,57.68,63.45
SO46069,2018-05-18 00:00:00,223,492,282,4,2,5.19,10.38,11.41
SO46084,2018-05-23 00:00:00,322,313,282,4,2,419.46,838.92,826.29
SO46085,2018-05-24 00:00:00,332,528,282,4,2,419.46,838.92,826.29
SO46089,2018-05-25 00:00:00,232,385,282,4,2,28.84,57.68,63.45
SO46089,2018-05-25 00:00:00,344,385,282,4,2,"2,039.99","4,079.98","3,824.31"
SO46101,2018-05-30 00:00:00,312,403,282,4,2,"2,146.96","4,293.92","4,342.59"
SO46101,2018-05-30 00:00:00,262,403,282,4,2,183.94,367.88,362.97
SO46101,2018-05-30 00:00:00,324,403,282,4,2,419.46,838.92,826.29
SO46101,2018-05-30 00:00:00,322,403,282,4,2,419.46,838.92,826.29
SO46339,2018-06-07 00:00:00,326,114,282,4,2,419.46,838.92,826.29
SO46339,2018-06-07 00:00:00,324,114,282,4,2,419.46,838.92,826.29
SO46339,2018-06-07 00:00:00,328,114,282,4,2,419.46,838.92,826.29
SO46339,2018-06-07 00:00:00,232,114,282,4,2,28.84,57.68,63.45
SO46364,2018-06-19 00:00:00,344,366,282,4,2,850,"1,700","3,824.31"
SO46364,2018-06-19 00:00:00,296,366,282,4,2,714.7,"1,429.4","1,234.06"
SO46364,2018-06-19 00:00:00,293,366,282,4,2,722.59,"1,445.18","1,247.68"
SO46364,2018-06-19 00:00:00,347,366,282,4,2,850,"1,700","3,824.31"
SO46364,2018-06-19 00:00:00,300,366,282,4,2,809.76,"1,619.52","1,398.19"
SO46364,2018-06-19 00:00:00,229,366,282,4,2,28.84,57.68,63.45
SO46366,2018-06-19 00:00:00,322,674,282,4,2,419.46,838.92,826.29
SO46366,2018-06-19 00:00:00,232,674,282,4,2,28.84,57.68,63.45
SO46366,2018-06-19 00:00:00,326,674,282,4,2,419.46,838.92,826.29
SO46366,2018-06-19 00:00:00,342,674,282,4,2,419.46,838.92,826.29
SO46606,2018-07-02 00:00:00,230,510,282,4,2,28.84,57.68,58.16
SO46942,2018-08-03 00:00:00,420,583,282,4,2,141.62,283.24,209.59
SO46942,2018-08-03 00:00:00,421,583,282,4,2,196.33,392.66,290.57
SO46942,2018-08-03 00:00:00,224,583,282,4,2,5.19,10.38,10.46
SO46942,2018-08-03 00:00:00,233,583,282,4,2,28.84,57.68,58.16
SO46960,2018-08-08 00:00:00,271,259,282,4,2,202.33,404.66,374.31
SO46960,2018-08-08 00:00:00,233,259,282,4,2,28.84,57.68,58.16
SO46960,2018-08-08 00:00:00,458,259,282,4,2,44.99,89.98,61.87
SO46960,2018-08-08 00:00:00,221,259,282,4,2,20.19,40.38,27.76
SO46960,2018-08-08 00:00:00,422,259,282,4,2,67.54,135.08,99.96
SO46960,2018-08-08 00:00:00,286,259,282,4,2,183.94,367.88,340.29
SO46970,2018-08-10 00:00:00,423,258,282,4,2,165.23,330.46,244.54
SO46970,2018-08-10 00:00:00,369,258,282,4,2,"1,466.01","2,932.02","3,037.57"
SO46970,2018-08-10 00:00:00,375,258,282,4,2,"1,308.94","2,617.88","2,641.37"
SO46970,2018-08-10 00:00:00,435,258,282,4,2,324.45,648.9,600.24
SO46970,2018-08-10 00:00:00,379,258,282,4,2,"1,308.94","2,617.88","2,641.37"
SO46970,2018-08-10 00:00:00,370,258,282,4,2,"1,466.01","2,932.02","3,037.57"
SO46992,2018-08-16 00:00:00,263,97,282,4,2,202.33,404.66,374.31
SO46992,2018-08-16 00:00:00,221,97,282,4,2,20.19,40.38,27.76
SO46992,2018-08-16 00:00:00,373,97,282,4,2,"1,308.94","2,617.88","2,641.37"
SO46992,2018-08-16 00:00:00,375,97,282,4,2,"1,308.94","2,617.88","2,641.37"
SO46992,2018-08-16 00:00:00,265,97,282,4,2,202.33,404.66,374.31
SO46992,2018-08-16 00:00:00,422,97,282,4,2,67.54,135.08,99.96
SO46992,2018-08-16 00:00:00,383,97,282,4,2,600.26,"1,200.52","1,211.3"
SO46992,2018-08-16 00:00:00,415,97,282,4,2,198.04,396.08,293.09
SO47002,2018-08-19 00:00:00,456,492,282,4,2,44.99,89.98,61.87
SO47016,2018-08-21 00:00:00,245,529,282,4,2,780.82,"1,561.64","1,444.51"
SO47032,2018-08-24 00:00:00,216,313,282,4,2,20.19,40.38,27.76
SO47032,2018-08-24 00:00:00,233,313,282,4,2,28.84,57.68,58.16
SO47032,2018-08-24 00:00:00,460,313,282,4,2,53.99,107.98,74.24
SO47032,2018-08-24 00:00:00,221,313,282,4,2,20.19,40.38,27.76
SO47032,2018-08-24 00:00:00,456,313,282,4,2,44.99,89.98,61.87
SO47032,2018-08-24 00:00:00,263,313,282,4,2,202.33,404.66,374.31
SO47035,2018-08-24 00:00:00,414,528,282,4,2,149.03,298.06,220.57
SO47039,2018-08-25 00:00:00,410,385,282,4,2,36.45,72.9,53.94
SO47039,2018-08-25 00:00:00,356,385,282,4,2,"1,242.85","2,485.7","2,235.71"
SO47039,2018-08-25 00:00:00,367,385,282,4,2,647.99,"1,295.98","1,196.87"
SO47039,2018-08-25 00:00:00,412,385,282,4,2,180.13,360.26,266.59
SO47039,2018-08-25 00:00:00,399,385,282,4,2,33.77,67.54,49.99
SO47039,2018-08-25 00:00:00,468,385,282,4,2,22.79,45.58,31.34
SO47039,2018-08-25 00:00:00,397,385,282,4,2,24.29,48.58,35.96
SO47039,2018-08-25 00:00:00,419,385,282,4,2,52.65,105.3,77.92
SO47039,2018-08-25 00:00:00,297,385,282,4,2,736.15,"1,472.3","1,307.39"
SO47039,2018-08-25 00:00:00,409,385,282,4,2,209.26,418.52,371.64
SO47056,2018-08-28 00:00:00,230,403,282,4,2,28.84,57.68,58.16
SO47056,2018-08-28 00:00:00,403,403,282,4,2,24.29,48.58,35.96
SO47056,2018-08-28 00:00:00,377,403,282,4,2,"1,308.94","2,617.88","2,641.37"
SO47056,2018-08-28 00:00:00,422,403,282,4,2,67.54,135.08,99.96
SO47056,2018-08-28 00:00:00,273,403,282,4,2,202.33,404.66,374.31
SO47056,2018-08-28 00:00:00,368,403,282,4,2,"1,466.01","2,932.02","3,037.57"
SO47056,2018-08-28 00:00:00,415,403,282,4,2,198.04,396.08,293.09
SO47056,2018-08-28 00:00:00,213,403,282,4,2,20.19,40.38,27.76
SO47056,2018-08-28 00:00:00,286,403,282,4,2,183.94,367.88,340.29
SO47350,2018-09-01 00:00:00,286,277,282,4,2,183.94,367.88,340.29
SO47350,2018-09-01 00:00:00,271,277,282,4,2,202.33,404.66,374.31
SO47350,2018-09-01 00:00:00,433,277,282,4,2,324.45,648.9,600.24
SO47355,2018-09-02 00:00:00,245,24,282,4,2,780.82,"1,561.64","1,444.51"
SO47355,2018-09-02 00:00:00,271,24,282,4,2,202.33,404.66,374.31
SO47355,2018-09-02 00:00:00,385,24,282,4,2,600.26,"1,200.52","1,211.3"
SO47355,2018-09-02 00:00:00,273,24,282,4,2,202.33,404.66,374.31
